<?xml version="1.0" encoding="UTF-8"?>
<!DOCTYPE struts PUBLIC
"-//Apache Software Foundation//DTD Struts Configuration 2.0//EN"
"http://struts.apache.org/dtds/struts-2.0.dtd">

<struts>
	<constant name="struts.devMode" value="true" />
	<package name="jp.co.internous.action" extends="struts-default">

<action name="LoginAction"
         class="jp.co.internous.action.LoginAction"
         method="execute">
         <result name="success">index.jsp</result>
         <result name="error">Login.jsp</result>
         <result name="input">Login.jsp</result>

	</action>
<action name="SelectAction"
         class="jp.co.internous.action.SelectAction"
         method="execute">
         <result name="success">index.jsp</result>
         <result name="error">index.jsp</result>

	</action>

<action name="DeleteAction"
         class="jp.co.internous.action.DeleteAction"
         method="execute">
         <result name="success">index.jsp</result>
	</action>

<action name="InsertAction"
         class="jp.co.internous.action.InsertAction"
         method="execute">
         <result name="success">index.jsp</result>
	</action>

<action name="UpdateAction"
         class="jp.co.internous.action.UpdateAction"
         method="execute">
         <result name="success">index.jsp</result>
	</action>

</package>
</struts>